,mean_fit_time,mean_score_time,mean_test_score,mean_train_score,param_class_weight,param_max_features,param_min_samples_leaf,param_min_samples_split,param_n_estimators,params,rank_test_score,split0_test_score,split0_train_score,split1_test_score,split1_train_score,split2_test_score,split2_train_score,std_fit_time,std_score_time,std_test_score,std_train_score
62,6.936139743,0.11534071,0.902786779,0.998217539,balanced,99,1,3,140,"{'max_features': 99, 'min_samples_split': 3, 'min_samples_leaf': 1, 'n_estimators': 140, 'class_weight': 'balanced'}",1,0.904255319,0.998538012,0.898058252,0.997568093,0.906066536,0.998546512,0.078632656,0.003520758,0.003427479,0.00045924
21,13.77043676,0.366001606,0.901814647,0.998216911,balanced,73,1,3,356,"{'max_features': 73, 'min_samples_split': 3, 'min_samples_leaf': 1, 'n_estimators': 356, 'class_weight': 'balanced'}",2,0.903288201,0.998538012,0.898058252,0.997081712,0.904109589,0.999031008,0.066694131,0.09082682,0.002679803,0.000827554
44,25.1670843,0.364182393,0.901490603,0.998542109,balanced,122,1,3,422,"{'max_features': 122, 'min_samples_split': 3, 'min_samples_leaf': 1, 'n_estimators': 422, 'class_weight': 'balanced'}",3,0.903288201,0.999025341,0.896116505,0.998054475,0.905088063,0.998546512,0.261849058,0.013017682,0.00387403,0.000396367
42,17.26760364,0.396549304,0.901166559,0.988170645,balanced,70,1,6,479,"{'max_features': 70, 'min_samples_split': 6, 'min_samples_leaf': 1, 'n_estimators': 479, 'class_weight': 'balanced'}",4,0.903288201,0.987816764,0.895145631,0.987354086,0.905088063,0.989341085,0.10345804,0.007889431,0.004324419,0.000848907
71,21.93673237,0.348898967,0.900842515,0.998216911,balanced,104,1,3,420,"{'max_features': 104, 'min_samples_split': 3, 'min_samples_leaf': 1, 'n_estimators': 420, 'class_weight': 'balanced'}",5,0.901353965,0.998538012,0.896116505,0.997081712,0.905088063,0.999031008,0.313468049,0.003834415,0.003675818,0.000827554
38,8.195381959,0.117636283,0.899870382,0.989304285,balanced,123,1,6,143,"{'max_features': 123, 'min_samples_split': 6, 'min_samples_leaf': 1, 'n_estimators': 143, 'class_weight': 'balanced'}",6,0.895551257,0.989766082,0.897087379,0.986867704,0.90704501,0.99127907,0.012089005,0.001845535,0.005087514,0.001830297
76,9.821112633,0.22718064,0.899870382,0.99513837,balanced,72,1,4,262,"{'max_features': 72, 'min_samples_split': 4, 'min_samples_leaf': 1, 'n_estimators': 262, 'class_weight': 'balanced'}",6,0.900386847,0.995614035,0.895145631,0.993677043,0.904109589,0.996124031,0.122365901,0.005653609,0.003673088,0.001054081
75,3.728020668,0.075079997,0.899222294,0.997730213,balanced,78,1,3,91,"{'max_features': 78, 'min_samples_split': 3, 'min_samples_leaf': 1, 'n_estimators': 91, 'class_weight': 'balanced'}",8,0.906189555,0.998050682,0.897087379,0.996108949,0.894324853,0.999031008,0.054206961,0.002455931,0.005072398,0.001214257
64,5.990073045,0.145921628,0.897926118,0.985736838,balanced,70,2,3,170,"{'max_features': 70, 'min_samples_split': 3, 'min_samples_leaf': 2, 'n_estimators': 170, 'class_weight': 'balanced'}",9,0.894584139,0.983918129,0.891262136,0.984435798,0.908023483,0.988856589,0.077108449,0.00271786,0.007233924,0.002216097
24,9.518347979,0.2485617,0.893713545,0.994978444,"{0: 3.69, 1: 1.62, 2: 1.2, 3: 1.03, 4: 1.33, 5: 1.26, 6: 1.72, 7: 1.33, 8: 52.14, 9: 0.68, 10: 17.56, 11: 1.04, 12: 12.18, 13: 1.91, 14: 1.3}",50,1,3,297,"{'max_features': 50, 'min_samples_split': 3, 'min_samples_leaf': 1, 'n_estimators': 297, 'class_weight': {0: 3.69, 1: 1.62, 2: 1.2, 3: 1.03, 4: 1.33, 5: 1.26, 6: 1.72, 7: 1.33, 8: 52.14, 9: 0.68, 10: 17.56, 11: 1.04, 12: 12.18, 13: 1.91, 14: 1.3}}",10,0.900386847,0.996101365,0.890291262,0.994163424,0.890410959,0.994670543,0.059100658,0.006679436,0.004737349,0.000820571
68,4.258033991,0.108937422,0.893713545,0.983473659,"{0: 3.69, 1: 1.62, 2: 1.2, 3: 1.03, 4: 1.33, 5: 1.26, 6: 1.72, 7: 1.33, 8: 52.14, 9: 0.68, 10: 17.56, 11: 1.04, 12: 12.18, 13: 1.91, 14: 1.3}",53,1,4,126,"{'max_features': 53, 'min_samples_split': 4, 'min_samples_leaf': 1, 'n_estimators': 126, 'class_weight': {0: 3.69, 1: 1.62, 2: 1.2, 3: 1.03, 4: 1.33, 5: 1.26, 6: 1.72, 7: 1.33, 8: 52.14, 9: 0.68, 10: 17.56, 11: 1.04, 12: 12.18, 13: 1.91, 14: 1.3}}",10,0.901353965,0.984405458,0.887378641,0.982003891,0.892367906,0.984011628,0.042615521,0.001844853,0.005792545,0.001051646
9,4.120317777,0.083202203,0.892741413,0.985090528,balanced,84,2,3,101,"{'max_features': 84, 'min_samples_split': 3, 'min_samples_leaf': 2, 'n_estimators': 101, 'class_weight': 'balanced'}",12,0.889748549,0.983430799,0.887378641,0.984922179,0.901174168,0.986918605,0.007718102,0.001346096,0.006012508,0.001428858
77,5.974252303,0.115933975,0.891769281,0.995626011,"{0: 3.69, 1: 1.62, 2: 1.2, 3: 1.03, 4: 1.33, 5: 1.26, 6: 1.72, 7: 1.33, 8: 52.14, 9: 0.68, 10: 17.56, 11: 1.04, 12: 12.18, 13: 1.91, 14: 1.3}",72,1,3,136,"{'max_features': 72, 'min_samples_split': 3, 'min_samples_leaf': 1, 'n_estimators': 136, 'class_weight': {0: 3.69, 1: 1.62, 2: 1.2, 3: 1.03, 4: 1.33, 5: 1.26, 6: 1.72, 7: 1.33, 8: 52.14, 9: 0.68, 10: 17.56, 11: 1.04, 12: 12.18, 13: 1.91, 14: 1.3}}",13,0.899419729,0.996588694,0.885436893,0.994649805,0.890410959,0.995639535,0.117155663,0.001895794,0.00579704,0.000791606
47,21.43194477,0.324277321,0.88852884,0.976017348,balanced,122,2,7,389,"{'max_features': 122, 'min_samples_split': 7, 'min_samples_leaf': 2, 'n_estimators': 389, 'class_weight': 'balanced'}",14,0.890715667,0.975146199,0.880582524,0.974708171,0.894324853,0.978197674,0.298814112,0.003346362,0.00581403,0.00155206
53,8.503795624,0.231921673,0.887556708,0.971804223,balanced,63,2,7,274,"{'max_features': 63, 'min_samples_split': 7, 'min_samples_leaf': 2, 'n_estimators': 274, 'class_weight': 'balanced'}",15,0.888781431,0.969785575,0.882524272,0.971789883,0.891389432,0.973837209,0.045880744,0.003832488,0.00371755,0.001654104
11,4.525087992,0.091187716,0.886260531,0.976669638,balanced,88,1,9,107,"{'max_features': 88, 'min_samples_split': 9, 'min_samples_leaf': 1, 'n_estimators': 107, 'class_weight': 'balanced'}",16,0.888781431,0.978070175,0.878640777,0.975194553,0.891389432,0.976744186,0.015167355,0.004077879,0.00549724,0.001175151
58,23.33888761,0.409461339,0.886260531,0.955120477,"{0: 3.69, 1: 1.62, 2: 1.2, 3: 1.03, 4: 1.33, 5: 1.26, 6: 1.72, 7: 1.33, 8: 52.14, 9: 0.68, 10: 17.56, 11: 1.04, 12: 12.18, 13: 1.91, 14: 1.3}",96,2,3,476,"{'max_features': 96, 'min_samples_split': 3, 'min_samples_leaf': 2, 'n_estimators': 476, 'class_weight': {0: 3.69, 1: 1.62, 2: 1.2, 3: 1.03, 4: 1.33, 5: 1.26, 6: 1.72, 7: 1.33, 8: 52.14, 9: 0.68, 10: 17.56, 11: 1.04, 12: 12.18, 13: 1.91, 14: 1.3}}",16,0.896518375,0.95662768,0.87961165,0.953307393,0.88258317,0.955426357,0.354792882,0.006370319,0.007381716,0.001372649
26,15.43931834,0.230479002,0.884316267,0.944262315,"{0: 3.69, 1: 1.62, 2: 1.2, 3: 1.03, 4: 1.33, 5: 1.26, 6: 1.72, 7: 1.33, 8: 52.14, 9: 0.68, 10: 17.56, 11: 1.04, 12: 12.18, 13: 1.91, 14: 1.3}",107,1,8,260,"{'max_features': 107, 'min_samples_split': 8, 'min_samples_leaf': 1, 'n_estimators': 260, 'class_weight': {0: 3.69, 1: 1.62, 2: 1.2, 3: 1.03, 4: 1.33, 5: 1.26, 6: 1.72, 7: 1.33, 8: 52.14, 9: 0.68, 10: 17.56, 11: 1.04, 12: 12.18, 13: 1.91, 14: 1.3}}",18,0.891682785,0.944931774,0.881553398,0.941634241,0.87964775,0.94622093,0.31170873,0.007669686,0.00528659,0.001931417
59,11.32068229,0.373387337,0.88139987,0.927412021,"{0: 3.69, 1: 1.62, 2: 1.2, 3: 1.03, 4: 1.33, 5: 1.26, 6: 1.72, 7: 1.33, 8: 52.14, 9: 0.68, 10: 17.56, 11: 1.04, 12: 12.18, 13: 1.91, 14: 1.3}",48,2,7,432,"{'max_features': 48, 'min_samples_split': 7, 'min_samples_leaf': 2, 'n_estimators': 432, 'class_weight': {0: 3.69, 1: 1.62, 2: 1.2, 3: 1.03, 4: 1.33, 5: 1.26, 6: 1.72, 7: 1.33, 8: 52.14, 9: 0.68, 10: 17.56, 11: 1.04, 12: 12.18, 13: 1.91, 14: 1.3}}",19,0.885880077,0.925925926,0.881553398,0.928015564,0.876712329,0.928294574,0.051240124,0.003068941,0.003743019,0.001056983
6,20.67966755,0.321743806,0.881075826,0.935353773,"{0: 3.69, 1: 1.62, 2: 1.2, 3: 1.03, 4: 1.33, 5: 1.26, 6: 1.72, 7: 1.33, 8: 52.14, 9: 0.68, 10: 17.56, 11: 1.04, 12: 12.18, 13: 1.91, 14: 1.3}",115,2,6,367,"{'max_features': 115, 'min_samples_split': 6, 'min_samples_leaf': 2, 'n_estimators': 367, 'class_weight': {0: 3.69, 1: 1.62, 2: 1.2, 3: 1.03, 4: 1.33, 5: 1.26, 6: 1.72, 7: 1.33, 8: 52.14, 9: 0.68, 10: 17.56, 11: 1.04, 12: 12.18, 13: 1.91, 14: 1.3}}",20,0.887814313,0.935672515,0.877669903,0.935311284,0.877690802,0.935077519,0.405109996,0.005042382,0.004783378,0.000244757
34,18.02412661,0.382878462,0.87977965,0.929197319,"{0: 3.69, 1: 1.62, 2: 1.2, 3: 1.03, 4: 1.33, 5: 1.26, 6: 1.72, 7: 1.33, 8: 52.14, 9: 0.68, 10: 17.56, 11: 1.04, 12: 12.18, 13: 1.91, 14: 1.3}",81,2,7,439,"{'max_features': 81, 'min_samples_split': 7, 'min_samples_leaf': 2, 'n_estimators': 439, 'class_weight': {0: 3.69, 1: 1.62, 2: 1.2, 3: 1.03, 4: 1.33, 5: 1.26, 6: 1.72, 7: 1.33, 8: 52.14, 9: 0.68, 10: 17.56, 11: 1.04, 12: 12.18, 13: 1.91, 14: 1.3}}",21,0.888781431,0.929824561,0.873786408,0.928988327,0.876712329,0.92877907,0.174278881,0.009264739,0.006500389,0.00045168
61,2.609612624,0.079966704,0.879131562,0.929354423,"{0: 3.69, 1: 1.62, 2: 1.2, 3: 1.03, 4: 1.33, 5: 1.26, 6: 1.72, 7: 1.33, 8: 52.14, 9: 0.68, 10: 17.56, 11: 1.04, 12: 12.18, 13: 1.91, 14: 1.3}",51,2,7,96,"{'max_features': 51, 'min_samples_split': 7, 'min_samples_leaf': 2, 'n_estimators': 96, 'class_weight': {0: 3.69, 1: 1.62, 2: 1.2, 3: 1.03, 4: 1.33, 5: 1.26, 6: 1.72, 7: 1.33, 8: 52.14, 9: 0.68, 10: 17.56, 11: 1.04, 12: 12.18, 13: 1.91, 14: 1.3}}",22,0.886847195,0.93079922,0.869902913,0.924124514,0.880626223,0.933139535,0.015307983,0.002481939,0.007008032,0.003819532
80,6.270938714,0.21054093,0.879131562,0.919138144,"{0: 3.69, 1: 1.62, 2: 1.2, 3: 1.03, 4: 1.33, 5: 1.26, 6: 1.72, 7: 1.33, 8: 52.14, 9: 0.68, 10: 17.56, 11: 1.04, 12: 12.18, 13: 1.91, 14: 1.3}",49,3,3,253,"{'max_features': 49, 'min_samples_split': 3, 'min_samples_leaf': 3, 'n_estimators': 253, 'class_weight': {0: 3.69, 1: 1.62, 2: 1.2, 3: 1.03, 4: 1.33, 5: 1.26, 6: 1.72, 7: 1.33, 8: 52.14, 9: 0.68, 10: 17.56, 11: 1.04, 12: 12.18, 13: 1.91, 14: 1.3}}",22,0.880077369,0.911793372,0.882524272,0.920233463,0.874755382,0.925387597,0.021417013,0.003597368,0.003237871,0.005603602
3,16.38294832,0.363462369,0.877835386,0.966298799,balanced,82,3,4,433,"{'max_features': 82, 'min_samples_split': 4, 'min_samples_leaf': 3, 'n_estimators': 433, 'class_weight': 'balanced'}",24,0.881044487,0.96588694,0.866990291,0.966439689,0.885518591,0.966569767,0.067354119,0.001216673,0.007890275,0.00029603
99,7.943727732,0.258669933,0.877835386,0.92141172,"{0: 3.69, 1: 1.62, 2: 1.2, 3: 1.03, 4: 1.33, 5: 1.26, 6: 1.72, 7: 1.33, 8: 52.14, 9: 0.68, 10: 17.56, 11: 1.04, 12: 12.18, 13: 1.91, 14: 1.3}",48,2,8,309,"{'max_features': 48, 'min_samples_split': 8, 'min_samples_leaf': 2, 'n_estimators': 309, 'class_weight': {0: 3.69, 1: 1.62, 2: 1.2, 3: 1.03, 4: 1.33, 5: 1.26, 6: 1.72, 7: 1.33, 8: 52.14, 9: 0.68, 10: 17.56, 11: 1.04, 12: 12.18, 13: 1.91, 14: 1.3}}",24,0.882011605,0.918615984,0.876699029,0.919747082,0.874755382,0.925872093,0.028702294,0.001771928,0.003068613,0.003187585
28,8.567899704,0.15555199,0.877511342,0.963217424,balanced,97,2,9,193,"{'max_features': 97, 'min_samples_split': 9, 'min_samples_leaf': 2, 'n_estimators': 193, 'class_weight': 'balanced'}",26,0.883945841,0.961500975,0.869902913,0.963035019,0.878669276,0.965116279,0.108706725,0.005874122,0.005799793,0.001481567
17,6.773527702,0.258942604,0.876539209,0.916558902,"{0: 3.69, 1: 1.62, 2: 1.2, 3: 1.03, 4: 1.33, 5: 1.26, 6: 1.72, 7: 1.33, 8: 52.14, 9: 0.68, 10: 17.56, 11: 1.04, 12: 12.18, 13: 1.91, 14: 1.3}",41,2,9,303,"{'max_features': 41, 'min_samples_split': 9, 'min_samples_leaf': 2, 'n_estimators': 303, 'class_weight': {0: 3.69, 1: 1.62, 2: 1.2, 3: 1.03, 4: 1.33, 5: 1.26, 6: 1.72, 7: 1.33, 8: 52.14, 9: 0.68, 10: 17.56, 11: 1.04, 12: 12.18, 13: 1.91, 14: 1.3}}",27,0.883945841,0.918128655,0.874757282,0.914396887,0.870841487,0.917151163,0.024764574,0.005374267,0.005494714,0.001580001
14,4.876315276,0.172341347,0.876215165,0.9112049,"{0: 3.69, 1: 1.62, 2: 1.2, 3: 1.03, 4: 1.33, 5: 1.26, 6: 1.72, 7: 1.33, 8: 52.14, 9: 0.68, 10: 17.56, 11: 1.04, 12: 12.18, 13: 1.91, 14: 1.3}",66,3,8,153,"{'max_features': 66, 'min_samples_split': 8, 'min_samples_leaf': 3, 'n_estimators': 153, 'class_weight': {0: 3.69, 1: 1.62, 2: 1.2, 3: 1.03, 4: 1.33, 5: 1.26, 6: 1.72, 7: 1.33, 8: 52.14, 9: 0.68, 10: 17.56, 11: 1.04, 12: 12.18, 13: 1.91, 14: 1.3}}",28,0.881044487,0.908382066,0.873786408,0.910019455,0.873776908,0.915213178,0.155669854,0.061108755,0.003428136,0.002912042
56,2.634703954,0.083809376,0.876215165,0.961601805,balanced,57,3,3,89,"{'max_features': 57, 'min_samples_split': 3, 'min_samples_leaf': 3, 'n_estimators': 89, 'class_weight': 'balanced'}",28,0.882011605,0.960526316,0.862135922,0.964007782,0.884540117,0.960271318,0.061620124,0.010072724,0.010018493,0.001704465
31,12.87265531,0.313952367,0.87265068,0.902455975,"{0: 3.69, 1: 1.62, 2: 1.2, 3: 1.03, 4: 1.33, 5: 1.26, 6: 1.72, 7: 1.33, 8: 52.14, 9: 0.68, 10: 17.56, 11: 1.04, 12: 12.18, 13: 1.91, 14: 1.3}",84,4,6,350,"{'max_features': 84, 'min_samples_split': 6, 'min_samples_leaf': 4, 'n_estimators': 350, 'class_weight': {0: 3.69, 1: 1.62, 2: 1.2, 3: 1.03, 4: 1.33, 5: 1.26, 6: 1.72, 7: 1.33, 8: 52.14, 9: 0.68, 10: 17.56, 11: 1.04, 12: 12.18, 13: 1.91, 14: 1.3}}",30,0.878143133,0.900097466,0.869902913,0.90077821,0.869863014,0.906492248,0.208919133,0.017186361,0.003898897,0.002867575
84,7.601590395,0.142169952,0.87103046,0.903427477,"{0: 3.69, 1: 1.62, 2: 1.2, 3: 1.03, 4: 1.33, 5: 1.26, 6: 1.72, 7: 1.33, 8: 52.14, 9: 0.68, 10: 17.56, 11: 1.04, 12: 12.18, 13: 1.91, 14: 1.3}",104,4,6,177,"{'max_features': 104, 'min_samples_split': 6, 'min_samples_leaf': 4, 'n_estimators': 177, 'class_weight': {0: 3.69, 1: 1.62, 2: 1.2, 3: 1.03, 4: 1.33, 5: 1.26, 6: 1.72, 7: 1.33, 8: 52.14, 9: 0.68, 10: 17.56, 11: 1.04, 12: 12.18, 13: 1.91, 14: 1.3}}",31,0.878143133,0.899122807,0.865048544,0.904182879,0.869863014,0.906976744,0.07443366,0.001307694,0.00541714,0.003250544
69,7.887813012,0.228771925,0.870706416,0.902613692,"{0: 3.69, 1: 1.62, 2: 1.2, 3: 1.03, 4: 1.33, 5: 1.26, 6: 1.72, 7: 1.33, 8: 52.14, 9: 0.68, 10: 17.56, 11: 1.04, 12: 12.18, 13: 1.91, 14: 1.3}",65,4,8,269,"{'max_features': 65, 'min_samples_split': 8, 'min_samples_leaf': 4, 'n_estimators': 269, 'class_weight': {0: 3.69, 1: 1.62, 2: 1.2, 3: 1.03, 4: 1.33, 5: 1.26, 6: 1.72, 7: 1.33, 8: 52.14, 9: 0.68, 10: 17.56, 11: 1.04, 12: 12.18, 13: 1.91, 14: 1.3}}",32,0.872340426,0.897173489,0.87184466,0.902237354,0.867906067,0.908430233,0.035051513,0.006189954,0.001980929,0.004603245
98,22.41968505,0.399881283,0.870382372,0.904239057,"{0: 3.69, 1: 1.62, 2: 1.2, 3: 1.03, 4: 1.33, 5: 1.26, 6: 1.72, 7: 1.33, 8: 52.14, 9: 0.68, 10: 17.56, 11: 1.04, 12: 12.18, 13: 1.91, 14: 1.3}",110,4,5,477,"{'max_features': 110, 'min_samples_split': 5, 'min_samples_leaf': 4, 'n_estimators': 477, 'class_weight': {0: 3.69, 1: 1.62, 2: 1.2, 3: 1.03, 4: 1.33, 5: 1.26, 6: 1.72, 7: 1.33, 8: 52.14, 9: 0.68, 10: 17.56, 11: 1.04, 12: 12.18, 13: 1.91, 14: 1.3}}",33,0.875241779,0.899610136,0.86407767,0.906614786,0.871819961,0.906492248,1.435874605,0.008533752,0.004675836,0.003273523
97,7.320074002,0.142216762,0.86941024,0.94734621,balanced,100,3,9,168,"{'max_features': 100, 'min_samples_split': 9, 'min_samples_leaf': 3, 'n_estimators': 168, 'class_weight': 'balanced'}",34,0.879110251,0.951267057,0.861165049,0.944066148,0.867906067,0.946705426,0.081591497,0.002123449,0.007413888,0.002974472
67,17.62424103,0.298151096,0.869086196,0.903589292,"{0: 3.69, 1: 1.62, 2: 1.2, 3: 1.03, 4: 1.33, 5: 1.26, 6: 1.72, 7: 1.33, 8: 52.14, 9: 0.68, 10: 17.56, 11: 1.04, 12: 12.18, 13: 1.91, 14: 1.3}",126,4,3,342,"{'max_features': 126, 'min_samples_split': 3, 'min_samples_leaf': 4, 'n_estimators': 342, 'class_weight': {0: 3.69, 1: 1.62, 2: 1.2, 3: 1.03, 4: 1.33, 5: 1.26, 6: 1.72, 7: 1.33, 8: 52.14, 9: 0.68, 10: 17.56, 11: 1.04, 12: 12.18, 13: 1.91, 14: 1.3}}",35,0.873307544,0.899610136,0.868932039,0.903696498,0.864970646,0.90746124,0.195356876,0.005676959,0.003404112,0.003206096
5,5.355101983,0.115465323,0.868762152,0.903750474,"{0: 3.69, 1: 1.62, 2: 1.2, 3: 1.03, 4: 1.33, 5: 1.26, 6: 1.72, 7: 1.33, 8: 52.14, 9: 0.68, 10: 17.56, 11: 1.04, 12: 12.18, 13: 1.91, 14: 1.3}",94,4,7,133,"{'max_features': 94, 'min_samples_split': 7, 'min_samples_leaf': 4, 'n_estimators': 133, 'class_weight': {0: 3.69, 1: 1.62, 2: 1.2, 3: 1.03, 4: 1.33, 5: 1.26, 6: 1.72, 7: 1.33, 8: 52.14, 9: 0.68, 10: 17.56, 11: 1.04, 12: 12.18, 13: 1.91, 14: 1.3}}",36,0.874274662,0.899122807,0.86407767,0.904182879,0.867906067,0.907945736,0.111230772,0.00913225,0.004212927,0.0036149
60,10.05001307,0.332344055,0.868762152,0.902132025,"{0: 3.69, 1: 1.62, 2: 1.2, 3: 1.03, 4: 1.33, 5: 1.26, 6: 1.72, 7: 1.33, 8: 52.14, 9: 0.68, 10: 17.56, 11: 1.04, 12: 12.18, 13: 1.91, 14: 1.3}",56,4,3,391,"{'max_features': 56, 'min_samples_split': 3, 'min_samples_leaf': 4, 'n_estimators': 391, 'class_weight': {0: 3.69, 1: 1.62, 2: 1.2, 3: 1.03, 4: 1.33, 5: 1.26, 6: 1.72, 7: 1.33, 8: 52.14, 9: 0.68, 10: 17.56, 11: 1.04, 12: 12.18, 13: 1.91, 14: 1.3}}",36,0.873307544,0.897660819,0.867961165,0.903696498,0.864970646,0.90503876,0.031498312,0.003304559,0.003449274,0.003208757
8,8.977442662,0.294620991,0.868114064,0.897923626,"{0: 3.69, 1: 1.62, 2: 1.2, 3: 1.03, 4: 1.33, 5: 1.26, 6: 1.72, 7: 1.33, 8: 52.14, 9: 0.68, 10: 17.56, 11: 1.04, 12: 12.18, 13: 1.91, 14: 1.3}",56,4,9,355,"{'max_features': 56, 'min_samples_split': 9, 'min_samples_leaf': 4, 'n_estimators': 355, 'class_weight': {0: 3.69, 1: 1.62, 2: 1.2, 3: 1.03, 4: 1.33, 5: 1.26, 6: 1.72, 7: 1.33, 8: 52.14, 9: 0.68, 10: 17.56, 11: 1.04, 12: 12.18, 13: 1.91, 14: 1.3}}",38,0.87040619,0.895711501,0.870873786,0.899319066,0.863013699,0.89874031,0.053972347,0.004049571,0.003594076,0.001581953
35,11.38023202,0.344974597,0.864549579,0.887231681,"{0: 3.69, 1: 1.62, 2: 1.2, 3: 1.03, 4: 1.33, 5: 1.26, 6: 1.72, 7: 1.33, 8: 52.14, 9: 0.68, 10: 17.56, 11: 1.04, 12: 12.18, 13: 1.91, 14: 1.3}",67,5,2,406,"{'max_features': 67, 'min_samples_split': 2, 'min_samples_leaf': 5, 'n_estimators': 406, 'class_weight': {0: 3.69, 1: 1.62, 2: 1.2, 3: 1.03, 4: 1.33, 5: 1.26, 6: 1.72, 7: 1.33, 8: 52.14, 9: 0.68, 10: 17.56, 11: 1.04, 12: 12.18, 13: 1.91, 14: 1.3}}",39,0.868471954,0.885477583,0.866990291,0.889105058,0.858121331,0.887112403,0.147465801,0.002413646,0.004563776,0.001483311
39,5.627509753,0.123703639,0.864225535,0.888690829,"{0: 3.69, 1: 1.62, 2: 1.2, 3: 1.03, 4: 1.33, 5: 1.26, 6: 1.72, 7: 1.33, 8: 52.14, 9: 0.68, 10: 17.56, 11: 1.04, 12: 12.18, 13: 1.91, 14: 1.3}",99,5,3,147,"{'max_features': 99, 'min_samples_split': 3, 'min_samples_leaf': 5, 'n_estimators': 147, 'class_weight': {0: 3.69, 1: 1.62, 2: 1.2, 3: 1.03, 4: 1.33, 5: 1.26, 6: 1.72, 7: 1.33, 8: 52.14, 9: 0.68, 10: 17.56, 11: 1.04, 12: 12.18, 13: 1.91, 14: 1.3}}",40,0.869439072,0.886452242,0.866019417,0.892023346,0.857142857,0.887596899,0.042788985,0.002155603,0.005176334,0.002402334
95,3.486056248,0.105639696,0.863901491,0.885451102,"{0: 3.69, 1: 1.62, 2: 1.2, 3: 1.03, 4: 1.33, 5: 1.26, 6: 1.72, 7: 1.33, 8: 52.14, 9: 0.68, 10: 17.56, 11: 1.04, 12: 12.18, 13: 1.91, 14: 1.3}",65,5,8,128,"{'max_features': 65, 'min_samples_split': 8, 'min_samples_leaf': 5, 'n_estimators': 128, 'class_weight': {0: 3.69, 1: 1.62, 2: 1.2, 3: 1.03, 4: 1.33, 5: 1.26, 6: 1.72, 7: 1.33, 8: 52.14, 9: 0.68, 10: 17.56, 11: 1.04, 12: 12.18, 13: 1.91, 14: 1.3}}",41,0.866537718,0.883040936,0.866019417,0.88959144,0.859099804,0.88372093,0.012061506,0.001536912,0.003385455,0.002940793
57,2.639955441,0.097830057,0.863253402,0.930652065,balanced,48,4,8,111,"{'max_features': 48, 'min_samples_split': 8, 'min_samples_leaf': 4, 'n_estimators': 111, 'class_weight': 'balanced'}",42,0.87040619,0.929824561,0.852427184,0.929961089,0.866927593,0.932170543,0.08880265,0.012668604,0.007793132,0.001075172
18,9.040645361,0.347203255,0.862605314,0.887067349,"{0: 3.69, 1: 1.62, 2: 1.2, 3: 1.03, 4: 1.33, 5: 1.26, 6: 1.72, 7: 1.33, 8: 52.14, 9: 0.68, 10: 17.56, 11: 1.04, 12: 12.18, 13: 1.91, 14: 1.3}",49,5,6,417,"{'max_features': 49, 'min_samples_split': 6, 'min_samples_leaf': 5, 'n_estimators': 417, 'class_weight': {0: 3.69, 1: 1.62, 2: 1.2, 3: 1.03, 4: 1.33, 5: 1.26, 6: 1.72, 7: 1.33, 8: 52.14, 9: 0.68, 10: 17.56, 11: 1.04, 12: 12.18, 13: 1.91, 14: 1.3}}",43,0.864603482,0.884015595,0.866019417,0.889105058,0.857142857,0.888081395,0.095935817,0.006079777,0.003887143,0.002198011
23,15.33823133,0.389405012,0.862605314,0.888531539,"{0: 3.69, 1: 1.62, 2: 1.2, 3: 1.03, 4: 1.33, 5: 1.26, 6: 1.72, 7: 1.33, 8: 52.14, 9: 0.68, 10: 17.56, 11: 1.04, 12: 12.18, 13: 1.91, 14: 1.3}",83,5,4,462,"{'max_features': 83, 'min_samples_split': 4, 'min_samples_leaf': 5, 'n_estimators': 462, 'class_weight': {0: 3.69, 1: 1.62, 2: 1.2, 3: 1.03, 4: 1.33, 5: 1.26, 6: 1.72, 7: 1.33, 8: 52.14, 9: 0.68, 10: 17.56, 11: 1.04, 12: 12.18, 13: 1.91, 14: 1.3}}",43,0.868471954,0.888888889,0.863106796,0.890077821,0.856164384,0.886627907,0.018870905,0.018250381,0.005035356,0.001430909
66,5.790973345,0.11773936,0.86228127,0.889177214,"{0: 3.69, 1: 1.62, 2: 1.2, 3: 1.03, 4: 1.33, 5: 1.26, 6: 1.72, 7: 1.33, 8: 52.14, 9: 0.68, 10: 17.56, 11: 1.04, 12: 12.18, 13: 1.91, 14: 1.3}",102,5,8,142,"{'max_features': 102, 'min_samples_split': 8, 'min_samples_leaf': 5, 'n_estimators': 142, 'class_weight': {0: 3.69, 1: 1.62, 2: 1.2, 3: 1.03, 4: 1.33, 5: 1.26, 6: 1.72, 7: 1.33, 8: 52.14, 9: 0.68, 10: 17.56, 11: 1.04, 12: 12.18, 13: 1.91, 14: 1.3}}",45,0.87040619,0.887426901,0.860194175,0.892023346,0.856164384,0.888081395,0.139348106,0.001595903,0.005996999,0.002030179
86,11.53953592,0.248946031,0.861309138,0.935999463,balanced,96,4,4,279,"{'max_features': 96, 'min_samples_split': 4, 'min_samples_leaf': 4, 'n_estimators': 279, 'class_weight': 'balanced'}",46,0.866537718,0.938109162,0.851456311,0.931420233,0.865949119,0.938468992,0.161453655,0.024151154,0.006977911,0.003241334
12,5.9451286,0.093700091,0.860985094,0.936647967,balanced,125,4,8,114,"{'max_features': 125, 'min_samples_split': 8, 'min_samples_leaf': 4, 'n_estimators': 114, 'class_weight': 'balanced'}",47,0.867504836,0.937134503,0.85631068,0.934824903,0.859099804,0.937984496,0.078192425,0.002649404,0.004765752,0.001334989
19,15.04401573,0.36332504,0.86066105,0.934217303,balanced,78,4,7,429,"{'max_features': 78, 'min_samples_split': 7, 'min_samples_leaf': 4, 'n_estimators': 429, 'class_weight': 'balanced'}",48,0.867504836,0.933235867,0.847572816,0.934338521,0.866927593,0.935077519,0.074636621,0.015577922,0.009266772,0.000756721
81,2.739331722,0.067131917,0.85904083,0.878968821,"{0: 3.69, 1: 1.62, 2: 1.2, 3: 1.03, 4: 1.33, 5: 1.26, 6: 1.72, 7: 1.33, 8: 52.14, 9: 0.68, 10: 17.56, 11: 1.04, 12: 12.18, 13: 1.91, 14: 1.3}",91,6,5,80,"{'max_features': 91, 'min_samples_split': 5, 'min_samples_leaf': 6, 'n_estimators': 80, 'class_weight': {0: 3.69, 1: 1.62, 2: 1.2, 3: 1.03, 4: 1.33, 5: 1.26, 6: 1.72, 7: 1.33, 8: 52.14, 9: 0.68, 10: 17.56, 11: 1.04, 12: 12.18, 13: 1.91, 14: 1.3}}",49,0.8655706,0.876705653,0.860194175,0.881809339,0.851272016,0.878391473,0.037729801,0.002293836,0.005892204,0.002123189
30,6.509364684,0.181951364,0.858716785,0.878155658,"{0: 3.69, 1: 1.62, 2: 1.2, 3: 1.03, 4: 1.33, 5: 1.26, 6: 1.72, 7: 1.33, 8: 52.14, 9: 0.68, 10: 17.56, 11: 1.04, 12: 12.18, 13: 1.91, 14: 1.3}",76,6,8,221,"{'max_features': 76, 'min_samples_split': 8, 'min_samples_leaf': 6, 'n_estimators': 221, 'class_weight': {0: 3.69, 1: 1.62, 2: 1.2, 3: 1.03, 4: 1.33, 5: 1.26, 6: 1.72, 7: 1.33, 8: 52.14, 9: 0.68, 10: 17.56, 11: 1.04, 12: 12.18, 13: 1.91, 14: 1.3}}",50,0.859767892,0.872807018,0.86407767,0.883268482,0.852250489,0.878391473,0.013138382,0.007596645,0.004879511,0.004274129
50,1.883279006,0.049582005,0.856772521,0.877188249,"{0: 3.69, 1: 1.62, 2: 1.2, 3: 1.03, 4: 1.33, 5: 1.26, 6: 1.72, 7: 1.33, 8: 52.14, 9: 0.68, 10: 17.56, 11: 1.04, 12: 12.18, 13: 1.91, 14: 1.3}",83,6,5,60,"{'max_features': 83, 'min_samples_split': 5, 'min_samples_leaf': 6, 'n_estimators': 60, 'class_weight': {0: 3.69, 1: 1.62, 2: 1.2, 3: 1.03, 4: 1.33, 5: 1.26, 6: 1.72, 7: 1.33, 8: 52.14, 9: 0.68, 10: 17.56, 11: 1.04, 12: 12.18, 13: 1.91, 14: 1.3}}",51,0.86073501,0.876218324,0.858252427,0.879377432,0.851272016,0.875968992,0.009534233,0.0017225,0.004001465,0.001551329
79,4.589206696,0.104182323,0.855800389,0.871027059,"{0: 3.69, 1: 1.62, 2: 1.2, 3: 1.03, 4: 1.33, 5: 1.26, 6: 1.72, 7: 1.33, 8: 52.14, 9: 0.68, 10: 17.56, 11: 1.04, 12: 12.18, 13: 1.91, 14: 1.3}",104,7,4,127,"{'max_features': 104, 'min_samples_split': 4, 'min_samples_leaf': 7, 'n_estimators': 127, 'class_weight': {0: 3.69, 1: 1.62, 2: 1.2, 3: 1.03, 4: 1.33, 5: 1.26, 6: 1.72, 7: 1.33, 8: 52.14, 9: 0.68, 10: 17.56, 11: 1.04, 12: 12.18, 13: 1.91, 14: 1.3}}",52,0.856866538,0.864035088,0.861165049,0.878891051,0.849315068,0.870155039,0.027618644,0.001782941,0.004890339,0.006096186
51,10.27806274,0.343916655,0.855476345,0.867459943,"{0: 3.69, 1: 1.62, 2: 1.2, 3: 1.03, 4: 1.33, 5: 1.26, 6: 1.72, 7: 1.33, 8: 52.14, 9: 0.68, 10: 17.56, 11: 1.04, 12: 12.18, 13: 1.91, 14: 1.3}",68,7,5,394,"{'max_features': 68, 'min_samples_split': 5, 'min_samples_leaf': 7, 'n_estimators': 394, 'class_weight': {0: 3.69, 1: 1.62, 2: 1.2, 3: 1.03, 4: 1.33, 5: 1.26, 6: 1.72, 7: 1.33, 8: 52.14, 9: 0.68, 10: 17.56, 11: 1.04, 12: 12.18, 13: 1.91, 14: 1.3}}",53,0.856866538,0.862573099,0.860194175,0.870136187,0.849315068,0.869670543,0.317193068,0.026488217,0.004544034,0.003460745
29,9.398286661,0.21330595,0.855152301,0.870536904,"{0: 3.69, 1: 1.62, 2: 1.2, 3: 1.03, 4: 1.33, 5: 1.26, 6: 1.72, 7: 1.33, 8: 52.14, 9: 0.68, 10: 17.56, 11: 1.04, 12: 12.18, 13: 1.91, 14: 1.3}",106,7,3,255,"{'max_features': 106, 'min_samples_split': 3, 'min_samples_leaf': 7, 'n_estimators': 255, 'class_weight': {0: 3.69, 1: 1.62, 2: 1.2, 3: 1.03, 4: 1.33, 5: 1.26, 6: 1.72, 7: 1.33, 8: 52.14, 9: 0.68, 10: 17.56, 11: 1.04, 12: 12.18, 13: 1.91, 14: 1.3}}",54,0.856866538,0.863060429,0.860194175,0.875972763,0.848336595,0.872577519,0.10724157,0.004249372,0.004985314,0.005465356
32,10.29438829,0.37542971,0.855152301,0.867786714,"{0: 3.69, 1: 1.62, 2: 1.2, 3: 1.03, 4: 1.33, 5: 1.26, 6: 1.72, 7: 1.33, 8: 52.14, 9: 0.68, 10: 17.56, 11: 1.04, 12: 12.18, 13: 1.91, 14: 1.3}",58,7,2,445,"{'max_features': 58, 'min_samples_split': 2, 'min_samples_leaf': 7, 'n_estimators': 445, 'class_weight': {0: 3.69, 1: 1.62, 2: 1.2, 3: 1.03, 4: 1.33, 5: 1.26, 6: 1.72, 7: 1.33, 8: 52.14, 9: 0.68, 10: 17.56, 11: 1.04, 12: 12.18, 13: 1.91, 14: 1.3}}",54,0.854932302,0.863547758,0.861165049,0.871595331,0.849315068,0.868217054,0.506982468,0.003986282,0.004833946,0.00329947
45,1.924474001,0.071753661,0.854828257,0.864543522,"{0: 3.69, 1: 1.62, 2: 1.2, 3: 1.03, 4: 1.33, 5: 1.26, 6: 1.72, 7: 1.33, 8: 52.14, 9: 0.68, 10: 17.56, 11: 1.04, 12: 12.18, 13: 1.91, 14: 1.3}",54,7,9,90,"{'max_features': 54, 'min_samples_split': 9, 'min_samples_leaf': 7, 'n_estimators': 90, 'class_weight': {0: 3.69, 1: 1.62, 2: 1.2, 3: 1.03, 4: 1.33, 5: 1.26, 6: 1.72, 7: 1.33, 8: 52.14, 9: 0.68, 10: 17.56, 11: 1.04, 12: 12.18, 13: 1.91, 14: 1.3}}",56,0.854932302,0.857699805,0.862135922,0.870136187,0.847358121,0.865794574,0.007778661,0.002166598,0.006025594,0.005153623
88,12.55509464,0.297216972,0.854504213,0.869563505,"{0: 3.69, 1: 1.62, 2: 1.2, 3: 1.03, 4: 1.33, 5: 1.26, 6: 1.72, 7: 1.33, 8: 52.14, 9: 0.68, 10: 17.56, 11: 1.04, 12: 12.18, 13: 1.91, 14: 1.3}",100,7,9,360,"{'max_features': 100, 'min_samples_split': 9, 'min_samples_leaf': 7, 'n_estimators': 360, 'class_weight': {0: 3.69, 1: 1.62, 2: 1.2, 3: 1.03, 4: 1.33, 5: 1.26, 6: 1.72, 7: 1.33, 8: 52.14, 9: 0.68, 10: 17.56, 11: 1.04, 12: 12.18, 13: 1.91, 14: 1.3}}",57,0.854932302,0.861111111,0.859223301,0.875486381,0.849315068,0.872093023,0.095523334,0.002621253,0.004051155,0.006135196
54,4.541080952,0.201198975,0.854180169,0.864704083,"{0: 3.69, 1: 1.62, 2: 1.2, 3: 1.03, 4: 1.33, 5: 1.26, 6: 1.72, 7: 1.33, 8: 52.14, 9: 0.68, 10: 17.56, 11: 1.04, 12: 12.18, 13: 1.91, 14: 1.3}",49,7,2,232,"{'max_features': 49, 'min_samples_split': 2, 'min_samples_leaf': 7, 'n_estimators': 232, 'class_weight': {0: 3.69, 1: 1.62, 2: 1.2, 3: 1.03, 4: 1.33, 5: 1.26, 6: 1.72, 7: 1.33, 8: 52.14, 9: 0.68, 10: 17.56, 11: 1.04, 12: 12.18, 13: 1.91, 14: 1.3}}",58,0.853965184,0.859161793,0.861165049,0.867217899,0.847358121,0.867732558,0.079126304,0.005707525,0.005631369,0.003924619
2,14.64164662,0.335825761,0.85353208,0.864546987,"{0: 3.69, 1: 1.62, 2: 1.2, 3: 1.03, 4: 1.33, 5: 1.26, 6: 1.72, 7: 1.33, 8: 52.14, 9: 0.68, 10: 17.56, 11: 1.04, 12: 12.18, 13: 1.91, 14: 1.3}",112,8,4,402,"{'max_features': 112, 'min_samples_split': 4, 'min_samples_leaf': 8, 'n_estimators': 402, 'class_weight': {0: 3.69, 1: 1.62, 2: 1.2, 3: 1.03, 4: 1.33, 5: 1.26, 6: 1.72, 7: 1.33, 8: 52.14, 9: 0.68, 10: 17.56, 11: 1.04, 12: 12.18, 13: 1.91, 14: 1.3}}",59,0.85589942,0.860136452,0.85631068,0.869163424,0.848336595,0.864341085,0.251654041,0.012006586,0.003659786,0.003688121
82,6.372934977,0.199100018,0.852559948,0.86017079,"{0: 3.69, 1: 1.62, 2: 1.2, 3: 1.03, 4: 1.33, 5: 1.26, 6: 1.72, 7: 1.33, 8: 52.14, 9: 0.68, 10: 17.56, 11: 1.04, 12: 12.18, 13: 1.91, 14: 1.3}",76,8,7,243,"{'max_features': 76, 'min_samples_split': 7, 'min_samples_leaf': 8, 'n_estimators': 243, 'class_weight': {0: 3.69, 1: 1.62, 2: 1.2, 3: 1.03, 4: 1.33, 5: 1.26, 6: 1.72, 7: 1.33, 8: 52.14, 9: 0.68, 10: 17.56, 11: 1.04, 12: 12.18, 13: 1.91, 14: 1.3}}",60,0.854932302,0.854288499,0.855339806,0.865758755,0.847358121,0.860465116,0.028460778,0.002802525,0.003664174,0.004687335
78,3.303954919,0.073263327,0.852235904,0.862607742,"{0: 3.69, 1: 1.62, 2: 1.2, 3: 1.03, 4: 1.33, 5: 1.26, 6: 1.72, 7: 1.33, 8: 52.14, 9: 0.68, 10: 17.56, 11: 1.04, 12: 12.18, 13: 1.91, 14: 1.3}",111,8,9,91,"{'max_features': 111, 'min_samples_split': 9, 'min_samples_leaf': 8, 'n_estimators': 91, 'class_weight': {0: 3.69, 1: 1.62, 2: 1.2, 3: 1.03, 4: 1.33, 5: 1.26, 6: 1.72, 7: 1.33, 8: 52.14, 9: 0.68, 10: 17.56, 11: 1.04, 12: 12.18, 13: 1.91, 14: 1.3}}",61,0.856866538,0.859161793,0.854368932,0.869649805,0.845401174,0.859011628,0.049368818,0.001194511,0.004916653,0.004979868
10,14.86435231,0.334039291,0.850939728,0.911854044,balanced,88,5,6,404,"{'max_features': 88, 'min_samples_split': 6, 'min_samples_leaf': 5, 'n_estimators': 404, 'class_weight': 'balanced'}",62,0.85106383,0.910331384,0.842718447,0.909533074,0.859099804,0.915697674,0.079936859,0.009840067,0.006679517,0.002737328
13,1.87368234,0.058393717,0.850615684,0.860166068,"{0: 3.69, 1: 1.62, 2: 1.2, 3: 1.03, 4: 1.33, 5: 1.26, 6: 1.72, 7: 1.33, 8: 52.14, 9: 0.68, 10: 17.56, 11: 1.04, 12: 12.18, 13: 1.91, 14: 1.3}",78,8,3,70,"{'max_features': 78, 'min_samples_split': 3, 'min_samples_leaf': 8, 'n_estimators': 70, 'class_weight': {0: 3.69, 1: 1.62, 2: 1.2, 3: 1.03, 4: 1.33, 5: 1.26, 6: 1.72, 7: 1.33, 8: 52.14, 9: 0.68, 10: 17.56, 11: 1.04, 12: 12.18, 13: 1.91, 14: 1.3}}",63,0.847195358,0.851851852,0.857281553,0.865758755,0.847358121,0.862887597,0.02165114,0.002194493,0.004718532,0.005994749
63,2.054631948,0.103682756,0.85029164,0.861950113,"{0: 3.69, 1: 1.62, 2: 1.2, 3: 1.03, 4: 1.33, 5: 1.26, 6: 1.72, 7: 1.33, 8: 52.14, 9: 0.68, 10: 17.56, 11: 1.04, 12: 12.18, 13: 1.91, 14: 1.3}",40,7,9,123,"{'max_features': 40, 'min_samples_split': 9, 'min_samples_leaf': 7, 'n_estimators': 123, 'class_weight': {0: 3.69, 1: 1.62, 2: 1.2, 3: 1.03, 4: 1.33, 5: 1.26, 6: 1.72, 7: 1.33, 8: 52.14, 9: 0.68, 10: 17.56, 11: 1.04, 12: 12.18, 13: 1.91, 14: 1.3}}",64,0.850096712,0.856725146,0.854368932,0.864299611,0.846379648,0.864825581,0.020538812,0.006604137,0.003260294,0.003700844
85,4.471189419,0.132224957,0.85029164,0.859523546,"{0: 3.69, 1: 1.62, 2: 1.2, 3: 1.03, 4: 1.33, 5: 1.26, 6: 1.72, 7: 1.33, 8: 52.14, 9: 0.68, 10: 17.56, 11: 1.04, 12: 12.18, 13: 1.91, 14: 1.3}",81,8,4,162,"{'max_features': 81, 'min_samples_split': 4, 'min_samples_leaf': 8, 'n_estimators': 162, 'class_weight': {0: 3.69, 1: 1.62, 2: 1.2, 3: 1.03, 4: 1.33, 5: 1.26, 6: 1.72, 7: 1.33, 8: 52.14, 9: 0.68, 10: 17.56, 11: 1.04, 12: 12.18, 13: 1.91, 14: 1.3}}",64,0.852998066,0.856237817,0.850485437,0.861867704,0.847358121,0.860465116,0.018816904,0.002999894,0.002305796,0.002392882
41,12.2242264,0.34723258,0.849643552,0.912825866,balanced,65,5,9,422,"{'max_features': 65, 'min_samples_split': 9, 'min_samples_leaf': 5, 'n_estimators': 422, 'class_weight': 'balanced'}",66,0.85106383,0.910818713,0.840776699,0.910992218,0.857142857,0.916666667,0.255004911,0.003640209,0.006748475,0.00271678
93,3.649775982,0.083064397,0.848995463,0.912659969,balanced,86,5,4,101,"{'max_features': 86, 'min_samples_split': 4, 'min_samples_leaf': 5, 'n_estimators': 101, 'class_weight': 'balanced'}",67,0.854932302,0.910818713,0.837864078,0.907587549,0.854207436,0.919573643,0.039074407,0.004976864,0.007884283,0.005063548
7,22.97294458,0.412957112,0.848671419,0.911695382,balanced,115,5,2,491,"{'max_features': 115, 'min_samples_split': 2, 'min_samples_leaf': 5, 'n_estimators': 491, 'class_weight': 'balanced'}",68,0.854932302,0.912768031,0.838834951,0.90807393,0.852250489,0.914244186,0.304070584,0.018503822,0.007047697,0.002630709
49,8.27128466,0.15212067,0.847699287,0.91298706,balanced,117,5,2,176,"{'max_features': 117, 'min_samples_split': 2, 'min_samples_leaf': 5, 'n_estimators': 176, 'class_weight': 'balanced'}",69,0.850096712,0.913255361,0.834951456,0.907101167,0.858121331,0.918604651,0.127334594,0.007877518,0.00959879,0.004700108
73,2.862395366,0.075270971,0.846403111,0.854822778,"{0: 3.69, 1: 1.62, 2: 1.2, 3: 1.03, 4: 1.33, 5: 1.26, 6: 1.72, 7: 1.33, 8: 52.14, 9: 0.68, 10: 17.56, 11: 1.04, 12: 12.18, 13: 1.91, 14: 1.3}",109,9,3,85,"{'max_features': 109, 'min_samples_split': 3, 'min_samples_leaf': 9, 'n_estimators': 85, 'class_weight': {0: 3.69, 1: 1.62, 2: 1.2, 3: 1.03, 4: 1.33, 5: 1.26, 6: 1.72, 7: 1.33, 8: 52.14, 9: 0.68, 10: 17.56, 11: 1.04, 12: 12.18, 13: 1.91, 14: 1.3}}",70,0.848162476,0.849902534,0.845631068,0.857976654,0.845401174,0.856589147,0.038593711,0.006429807,0.001252412,0.003524949
96,10.69692103,0.233346224,0.843486714,0.854654353,"{0: 3.69, 1: 1.62, 2: 1.2, 3: 1.03, 4: 1.33, 5: 1.26, 6: 1.72, 7: 1.33, 8: 52.14, 9: 0.68, 10: 17.56, 11: 1.04, 12: 12.18, 13: 1.91, 14: 1.3}",125,9,2,284,"{'max_features': 125, 'min_samples_split': 2, 'min_samples_leaf': 9, 'n_estimators': 284, 'class_weight': {0: 3.69, 1: 1.62, 2: 1.2, 3: 1.03, 4: 1.33, 5: 1.26, 6: 1.72, 7: 1.33, 8: 52.14, 9: 0.68, 10: 17.56, 11: 1.04, 12: 12.18, 13: 1.91, 14: 1.3}}",71,0.84139265,0.846003899,0.842718447,0.858463035,0.846379648,0.859496124,0.047354146,0.002987994,0.00210663,0.006131318
70,7.829646667,0.230593681,0.841866494,0.850277843,"{0: 3.69, 1: 1.62, 2: 1.2, 3: 1.03, 4: 1.33, 5: 1.26, 6: 1.72, 7: 1.33, 8: 52.14, 9: 0.68, 10: 17.56, 11: 1.04, 12: 12.18, 13: 1.91, 14: 1.3}",86,9,5,280,"{'max_features': 86, 'min_samples_split': 5, 'min_samples_leaf': 9, 'n_estimators': 280, 'class_weight': {0: 3.69, 1: 1.62, 2: 1.2, 3: 1.03, 4: 1.33, 5: 1.26, 6: 1.72, 7: 1.33, 8: 52.14, 9: 0.68, 10: 17.56, 11: 1.04, 12: 12.18, 13: 1.91, 14: 1.3}}",72,0.837524178,0.840643275,0.842718447,0.854085603,0.845401174,0.856104651,0.079488308,0.007213785,0.00327074,0.006862352
52,2.763325612,0.090165138,0.84154245,0.850605247,"{0: 3.69, 1: 1.62, 2: 1.2, 3: 1.03, 4: 1.33, 5: 1.26, 6: 1.72, 7: 1.33, 8: 52.14, 9: 0.68, 10: 17.56, 11: 1.04, 12: 12.18, 13: 1.91, 14: 1.3}",79,9,8,107,"{'max_features': 79, 'min_samples_split': 8, 'min_samples_leaf': 9, 'n_estimators': 107, 'class_weight': {0: 3.69, 1: 1.62, 2: 1.2, 3: 1.03, 4: 1.33, 5: 1.26, 6: 1.72, 7: 1.33, 8: 52.14, 9: 0.68, 10: 17.56, 11: 1.04, 12: 12.18, 13: 1.91, 14: 1.3}}",73,0.837524178,0.842592593,0.84368932,0.854571984,0.843444227,0.854651163,0.028911108,0.001534143,0.002854153,0.005665894
48,7.937702338,0.335042715,0.840570318,0.847204024,"{0: 3.69, 1: 1.62, 2: 1.2, 3: 1.03, 4: 1.33, 5: 1.26, 6: 1.72, 7: 1.33, 8: 52.14, 9: 0.68, 10: 17.56, 11: 1.04, 12: 12.18, 13: 1.91, 14: 1.3}",57,9,4,402,"{'max_features': 57, 'min_samples_split': 4, 'min_samples_leaf': 9, 'n_estimators': 402, 'class_weight': {0: 3.69, 1: 1.62, 2: 1.2, 3: 1.03, 4: 1.33, 5: 1.26, 6: 1.72, 7: 1.33, 8: 52.14, 9: 0.68, 10: 17.56, 11: 1.04, 12: 12.18, 13: 1.91, 14: 1.3}}",74,0.837524178,0.840155945,0.844660194,0.850680934,0.839530333,0.850775194,0.013463349,0.001195947,0.003008344,0.004983893
65,2.517977317,0.119556348,0.839274141,0.846719205,"{0: 3.69, 1: 1.62, 2: 1.2, 3: 1.03, 4: 1.33, 5: 1.26, 6: 1.72, 7: 1.33, 8: 52.14, 9: 0.68, 10: 17.56, 11: 1.04, 12: 12.18, 13: 1.91, 14: 1.3}",50,9,6,137,"{'max_features': 50, 'min_samples_split': 6, 'min_samples_leaf': 9, 'n_estimators': 137, 'class_weight': {0: 3.69, 1: 1.62, 2: 1.2, 3: 1.03, 4: 1.33, 5: 1.26, 6: 1.72, 7: 1.33, 8: 52.14, 9: 0.68, 10: 17.56, 11: 1.04, 12: 12.18, 13: 1.91, 14: 1.3}}",75,0.83655706,0.837719298,0.841747573,0.854085603,0.839530333,0.848352713,0.088984446,0.014504728,0.002130087,0.006780622
15,19.36640167,0.357490301,0.838626053,0.895811262,balanced,115,6,4,421,"{'max_features': 115, 'min_samples_split': 4, 'min_samples_leaf': 6, 'n_estimators': 421, 'class_weight': 'balanced'}",76,0.839458414,0.89619883,0.830097087,0.888618677,0.846379648,0.902616279,0.697008882,0.004833025,0.006664897,0.005721065
94,10.15403231,0.178888718,0.838626053,0.895648198,balanced,124,6,6,214,"{'max_features': 124, 'min_samples_split': 6, 'min_samples_leaf': 6, 'n_estimators': 214, 'class_weight': 'balanced'}",76,0.844294004,0.897660819,0.824271845,0.885214008,0.847358121,0.904069767,0.098614982,0.004561099,0.010236494,0.007828278
4,20.45123164,0.390266736,0.837329877,0.895974018,balanced,115,6,5,461,"{'max_features': 115, 'min_samples_split': 5, 'min_samples_leaf': 6, 'n_estimators': 461, 'class_weight': 'balanced'}",78,0.84139265,0.89619883,0.824271845,0.88959144,0.846379648,0.902131783,0.281366854,0.009016316,0.009463835,0.005122041
33,1.698803266,0.084508975,0.837005833,0.845421872,"{0: 3.69, 1: 1.62, 2: 1.2, 3: 1.03, 4: 1.33, 5: 1.26, 6: 1.72, 7: 1.33, 8: 52.14, 9: 0.68, 10: 17.56, 11: 1.04, 12: 12.18, 13: 1.91, 14: 1.3}",44,9,9,105,"{'max_features': 44, 'min_samples_split': 9, 'min_samples_leaf': 9, 'n_estimators': 105, 'class_weight': {0: 3.69, 1: 1.62, 2: 1.2, 3: 1.03, 4: 1.33, 5: 1.26, 6: 1.72, 7: 1.33, 8: 52.14, 9: 0.68, 10: 17.56, 11: 1.04, 12: 12.18, 13: 1.91, 14: 1.3}}",79,0.832688588,0.837231969,0.839805825,0.850680934,0.838551859,0.848352713,0.016008287,0.002710081,0.003106985,0.005868619
83,7.349424283,0.16291666,0.837005833,0.894190608,balanced,93,6,3,200,"{'max_features': 93, 'min_samples_split': 3, 'min_samples_leaf': 6, 'n_estimators': 200, 'class_weight': 'balanced'}",79,0.837524178,0.893274854,0.823300971,0.888618677,0.850293542,0.900678295,0.050110705,0.003026423,0.011011444,0.004965719
43,14.56615829,0.27760005,0.830524951,0.882036367,balanced,115,7,5,338,"{'max_features': 115, 'min_samples_split': 5, 'min_samples_leaf': 7, 'n_estimators': 338, 'class_weight': 'balanced'}",81,0.832688588,0.880116959,0.816504854,0.875972763,0.842465753,0.89001938,0.132032817,0.004225176,0.010695516,0.005892931
22,6.355511347,0.135809978,0.830200907,0.881718724,balanced,99,7,9,167,"{'max_features': 99, 'min_samples_split': 9, 'min_samples_leaf': 7, 'n_estimators': 167, 'class_weight': 'balanced'}",82,0.832688588,0.883528265,0.817475728,0.875,0.840508806,0.886627907,0.026452463,0.007219184,0.009555537,0.004916495
72,13.521878,0.238901377,0.830200907,0.879121846,balanced,126,7,4,289,"{'max_features': 126, 'min_samples_split': 4, 'min_samples_leaf': 7, 'n_estimators': 289, 'class_weight': 'balanced'}",82,0.833655706,0.8791423,0.816504854,0.871595331,0.840508806,0.886627907,0.110323916,0.003766006,0.010089379,0.006137041
0,14.58691255,0.419535081,0.829228775,0.882197237,balanced,74,7,6,491,"{'max_features': 74, 'min_samples_split': 6, 'min_samples_leaf': 7, 'n_estimators': 491, 'class_weight': 'balanced'}",84,0.825918762,0.880116959,0.816504854,0.875486381,0.845401174,0.890988372,0.123358046,0.005465178,0.012013498,0.006497363
16,7.722648621,0.148327351,0.829228775,0.879768473,balanced,115,7,4,176,"{'max_features': 115, 'min_samples_split': 4, 'min_samples_leaf': 7, 'n_estimators': 176, 'class_weight': 'balanced'}",84,0.832688588,0.880116959,0.815533981,0.870622568,0.839530333,0.888565891,0.09058222,0.002614459,0.010087239,0.007329475
36,10.04013236,0.227777402,0.829228775,0.881876746,balanced,93,7,6,283,"{'max_features': 93, 'min_samples_split': 6, 'min_samples_leaf': 7, 'n_estimators': 283, 'class_weight': 'balanced'}",84,0.824951644,0.878167641,0.823300971,0.880350195,0.839530333,0.887112403,0.033766148,0.00912255,0.00728028,0.003807883
46,13.75164231,0.401530981,0.827932599,0.882843229,balanced,86,7,4,399,"{'max_features': 86, 'min_samples_split': 4, 'min_samples_leaf': 7, 'n_estimators': 399, 'class_weight': 'balanced'}",87,0.823017408,0.8791423,0.819417476,0.876945525,0.84148728,0.89244186,0.2002586,0.082215746,0.009650981,0.006846252
74,6.322473367,0.275962671,0.825340246,0.867948243,balanced,47,8,5,324,"{'max_features': 47, 'min_samples_split': 5, 'min_samples_leaf': 8, 'n_estimators': 324, 'class_weight': 'balanced'}",88,0.823984526,0.871345029,0.813592233,0.859922179,0.838551859,0.872577519,0.093099298,0.008677014,0.010221835,0.005697545
25,2.529749314,0.062472661,0.82242385,0.867456819,balanced,93,8,2,74,"{'max_features': 93, 'min_samples_split': 2, 'min_samples_leaf': 8, 'n_estimators': 74, 'class_weight': 'balanced'}",89,0.820116054,0.867446394,0.813592233,0.86040856,0.833659491,0.874515504,0.028443542,0.001828627,0.008344131,0.00575914
92,8.988706589,0.305527051,0.821775762,0.867460281,balanced,63,8,5,368,"{'max_features': 63, 'min_samples_split': 5, 'min_samples_leaf': 8, 'n_estimators': 368, 'class_weight': 'balanced'}",90,0.816247582,0.868908382,0.810679612,0.860894942,0.838551859,0.872577519,0.061329021,0.005310034,0.012022435,0.004878074
20,4.778006633,0.206292073,0.821451717,0.866655617,balanced,44,8,3,257,"{'max_features': 44, 'min_samples_split': 3, 'min_samples_leaf': 8, 'n_estimators': 257, 'class_weight': 'balanced'}",91,0.819148936,0.869395712,0.808737864,0.862354086,0.836594912,0.868217054,0.047708319,0.004953607,0.011474785,0.003079468
40,12.37906742,0.404415607,0.821127673,0.866321617,balanced,69,8,4,468,"{'max_features': 69, 'min_samples_split': 4, 'min_samples_leaf': 8, 'n_estimators': 468, 'class_weight': 'balanced'}",92,0.818181818,0.867933723,0.806796117,0.856031128,0.838551859,0.875,0.022636762,0.017239575,0.013115099,0.00782746
37,9.868961732,0.233406544,0.820479585,0.866317523,balanced,94,8,2,286,"{'max_features': 94, 'min_samples_split': 2, 'min_samples_leaf': 8, 'n_estimators': 286, 'class_weight': 'balanced'}",93,0.819148936,0.865497076,0.808737864,0.85651751,0.833659491,0.876937984,0.104700874,0.004421477,0.010204748,0.008356786
1,18.14154514,0.398588896,0.820155541,0.865344437,balanced,109,8,3,465,"{'max_features': 109, 'min_samples_split': 3, 'min_samples_leaf': 8, 'n_estimators': 465, 'class_weight': 'balanced'}",94,0.816247582,0.863060429,0.806796117,0.857003891,0.837573386,0.875968992,0.141858784,0.013483996,0.012851355,0.007909121
55,14.23559364,0.283094327,0.819831497,0.864214898,balanced,117,8,7,339,"{'max_features': 117, 'min_samples_split': 7, 'min_samples_leaf': 8, 'n_estimators': 339, 'class_weight': 'balanced'}",95,0.815280464,0.865497076,0.809708738,0.854085603,0.834637965,0.873062016,0.163540671,0.010738428,0.010665099,0.007799959
89,13.06916507,0.334646622,0.818211277,0.867454927,balanced,89,8,9,403,"{'max_features': 89, 'min_samples_split': 9, 'min_samples_leaf': 8, 'n_estimators': 403, 'class_weight': 'balanced'}",96,0.813346228,0.865497076,0.80776699,0.861867704,0.833659491,0.875,0.091092316,0.002731413,0.011107304,0.005537098
90,4.11165603,0.116671324,0.817239145,0.86713351,balanced,74,8,5,146,"{'max_features': 74, 'min_samples_split': 5, 'min_samples_leaf': 8, 'n_estimators': 146, 'class_weight': 'balanced'}",97,0.815280464,0.867933723,0.808737864,0.859435798,0.82778865,0.874031008,0.061762461,0.001177342,0.007890766,0.005985276
87,6.949058851,0.248618126,0.816591056,0.854017508,balanced,64,9,4,295,"{'max_features': 64, 'min_samples_split': 4, 'min_samples_leaf': 9, 'n_estimators': 295, 'class_weight': 'balanced'}",98,0.81237911,0.856237817,0.806796117,0.850194553,0.83072407,0.855620155,0.035433178,0.002394837,0.01020368,0.002714973
27,4.588378112,0.146990299,0.815618924,0.855958322,balanced,69,9,9,180,"{'max_features': 69, 'min_samples_split': 9, 'min_samples_leaf': 9, 'n_estimators': 180, 'class_weight': 'balanced'}",99,0.809477756,0.856725146,0.80776699,0.851653696,0.829745597,0.859496124,0.029459434,0.003303701,0.009965136,0.003247248
91,7.313901981,0.283792973,0.81367466,0.85352987,balanced,58,9,3,335,"{'max_features': 58, 'min_samples_split': 3, 'min_samples_leaf': 9, 'n_estimators': 335, 'class_weight': 'balanced'}",100,0.81237911,0.856237817,0.799029126,0.847762646,0.829745597,0.856589147,0.056793089,0.010186697,0.012557309,0.004080565